{"image_baseline_example_mAPs": [0.024538407329105, 0.013460011116094645, 0.0070455647471972015], "slowfast_example_mAPs": [0.024538407329105, 0.013460011116094645, 0.0070455647471972015], "slowfast_trajectory_example_mAPs": [0.024538407329105, 0.013460011116094645, 0.0070455647471972015], "slowfast_trajectory_toipool_example_mAPs": [0.024538407329105, 0.013460011116094645, 0.0070455647471972015], "slowfast_trajectory_spatial_example_mAPs": [0.024538407329105, 0.013460011116094645, 0.0070455647471972015], "slowfast_trajectory_toipool_spatial_example_mAPs": [0.024538407329105, 0.013460011116094645, 0.0070455647471972015]}